keyword,ingredient,category,subcategory
5 htp,5HTP,BASIC VITAMINS & MINERALS,DHEA & PREGNENOLONE & HORMONES
5-htp,5HTP,BASIC VITAMINS & MINERALS,DHEA & PREGNENOLONE & HORMONES
5htp,5HTP,BASIC VITAMINS & MINERALS,DHEA & PREGNENOLONE & HORMONES
7 keto,Seven-Keto,BASIC VITAMINS & MINERALS,DHEA & PREGNENOLONE & HORMONES
7-keto,Seven-Keto,BASIC VITAMINS & MINERALS,DHEA & PREGNENOLONE & HORMONES
a d k,VitaminADK,BASIC VITAMINS & MINERALS,LETTER VITAMINS
a-d-k,VitaminADK,BASIC VITAMINS & MINERALS,LETTER VITAMINS
acacia fiber,AcaciaFiber,FIBER PRODUCTS & LAXATIVES,FIBER PRODUCTS & LAXATIVES
acacia senegal,AcaciaFiber,FIBER PRODUCTS & LAXATIVES,FIBER PRODUCTS & LAXATIVES
acai,Acai,HERBAL REMEDIES,FOOD SUPPLEMENTS
acemannan hydrogel,AcemannanHydrogel,OTC,OTC
acetaminophen,Acetaminophen,OTC,OTC
acetyl l carnitine,AcetylLCarnitine,AMINO ACIDS,AMINO ACIDS
acetyl l-carnitine,AcetylLCarnitine,AMINO ACIDS,AMINO ACIDS
acetyl lcarnitine,AcetylLCarnitine,AMINO ACIDS,AMINO ACIDS
acetyl-l carnitine,AcetylLCarnitine,AMINO ACIDS,AMINO ACIDS
acetyl-l-carnitine,AcetylLCarnitine,AMINO ACIDS,AMINO ACIDS
acetyle-l carnitine,AcetylLCarnitine,AMINO ACIDS,AMINO ACIDS
actifruitcranberry,Cranberry,HERBAL REMEDIES,FOOD SUPPLEMENTS
active hexose correlated compound,AHCC,HERBAL REMEDIES,FOOD SUPPLEMENTS
adk,VitaminADK,BASIC VITAMINS & MINERALS,LETTER VITAMINS
adrenal cortex,AdrenalGlandular,MISCELLANEOUS SUPPLEMENTS,MISCELLANEOUS SUPPLEMENTS
adrenal cytotrophin,AdrenalGlandular,MISCELLANEOUS SUPPLEMENTS,MISCELLANEOUS SUPPLEMENTS
adrenal extract,AdrenalGlandular,MISCELLANEOUS SUPPLEMENTS,MISCELLANEOUS SUPPLEMENTS
adrenal glandular,AdrenalGlandular,MISCELLANEOUS SUPPLEMENTS,MISCELLANEOUS SUPPLEMENTS
adrenal natural glandular,AdrenalGlandular,MISCELLANEOUS SUPPLEMENTS,MISCELLANEOUS SUPPLEMENTS
african geranium,Pelargonium,HERBAL/HOMEOPATHIC COLD & FLU,HERBAL SINGLES COLD & FLU
african mango,AfricanMango,WEIGHT MANAGEMENT FORMULAS,WEIGHT MANAGEMENT FORMULAS
ahcc,AHCC,HERBAL REMEDIES,FOOD SUPPLEMENTS
ala,AlphaLipoicAcid,MISCELLANEOUS SUPPLEMENTS,MISCELLANEOUS SUPPLEMENTS
alfalfa,Alfalfa,HERBAL REMEDIES,FOOD SUPPLEMENTS
algae,Algae,HERBAL REMEDIES,FOOD SUPPLEMENTS
alive once daily,Multivitamin,COMBINED MULTIVITAMINS,COMBINED MULTIVITAMINS
alive!,Multivitamin,COMBINED MULTIVITAMINS,COMBINED MULTIVITAMINS
aloe,AloeVera,FOOD SUPPLEMENTS,FOOD SUPPLEMENTS
aloe vera,AloeVera,FOOD SUPPLEMENTS,FOOD SUPPLEMENTS
alpha lipoic acid,AlphaLipoicAcid,MISCELLANEOUS SUPPLEMENTS,MISCELLANEOUS SUPPLEMENTS
amla,Gooseberry,HERBAL REMEDIES,SINGLES
andrographis,Andrographis,HERBAL REMEDIES,SINGLES
angelica,Angelica,HERBAL REMEDIES,SINGLES
anise,Anise,HERBAL REMEDIES,SINGLES
arabinogalactan,LaraxARALarch,HERBAL/HOMEOPATHIC COLD & FLU,HERBAL SINGLES COLD & FLU
arabinogalactn,LaraxARALarch,HERBAL/HOMEOPATHIC COLD & FLU,HERBAL SINGLES COLD & FLU
areds,EyeHealth,BASIC VITAMINS & MINERALS,MINERALS
arginine,Arginine,AMINO ACIDS,AMINO ACIDS
arnica,arnica,HOMEOPATHIC,HOMEOPATHIC
arnicare,arnicare,HOMEOPATHIC,HOMEOPATHIC
artichoke,Artichoke,HERBAL REMEDIES,SINGLES
ash,Ash,HERBAL REMEDIES,SINGLES
ashwaganda,ashwaganda,HERBAL REMEDIES,SINGLES
ashwagandha,ashwaganda,HERBAL REMEDIES,SINGLES
ashwaghandha,ashwaganda,HERBAL REMEDIES,SINGLES
aspirin,Aspirin,OTC,OTC
astaxanthin,Astaxanthin,MISCELLANEOUS SUPPLEMENTS,MISCELLANEOUS SUPPLEMENTS
astragalus,astragalus,HERBAL REMEDIES,SINGLES
ayurvedic herbal supplement,AyurvedicHerb,HERBAL REMEDIES,SINGLES
ayurvedic herbs - other,AyurvedicHerb,HERBAL REMEDIES,FORMULAS
b 1,VitaminB1,BASIC VITAMINS & MINERALS,LETTER VITAMINS
b 12,VitaminB12,BASIC VITAMINS & MINERALS,LETTER VITAMINS
b 2,VitaminB2,BASIC VITAMINS & MINERALS,LETTER VITAMINS
b 3,VitaminB3,BASIC VITAMINS & MINERALS,LETTER VITAMINS
b 5,VitaminB5,BASIC VITAMINS & MINERALS,LETTER VITAMINS
b 6,VitaminB6,BASIC VITAMINS & MINERALS,LETTER VITAMINS
b 9,Folic Acid,BASIC VITAMINS & MINERALS,LETTER VITAMINS
b complex,VitaminBcomplex,BASIC VITAMINS & MINERALS,LETTER VITAMINS
b energy complex,VitaminBcomplex,BASIC VITAMINS & MINERALS,LETTER VITAMINS
b-complex,VitaminBcomplex,BASIC VITAMINS & MINERALS,LETTER VITAMINS
b1,VitaminB1,BASIC VITAMINS & MINERALS,LETTER VITAMINS
b12,VitaminB12,BASIC VITAMINS & MINERALS,LETTER VITAMINS
b2,VitaminB2,BASIC VITAMINS & MINERALS,LETTER VITAMINS
b3,VitaminB3,BASIC VITAMINS & MINERALS,LETTER VITAMINS
b5,VitaminB5,BASIC VITAMINS & MINERALS,LETTER VITAMINS
b6,VitaminB6,BASIC VITAMINS & MINERALS,LETTER VITAMINS
b9,Folic Acid,BASIC VITAMINS & MINERALS,LETTER VITAMINS
bacopa,bacopa,HERBAL REMEDIES,SINGLES
baobab,baobab,FOOD SUPPLEMENTS,FOOD SUPPLEMENTS
baptisia,WildIndigo,HERBAL REMEDIES,SINGLES
barberry,barberry,HERBAL REMEDIES,SINGLES
barley grass,WheatBarleyGrass,HERBAL REMEDIES,FOOD SUPPLEMENTS
barleygrass,WheatBarleyGrass,HERBAL REMEDIES,FOOD SUPPLEMENTS
basil,holybasil,HERBAL REMEDIES,SINGLES
bay berry,bayberry,HERBAL REMEDIES,SINGLES
bayberry,bayberry,HERBAL REMEDIES,SINGLES
bcaa,BCAA,AMINO ACIDS,AMINO ACIDS
bee pollen,BeePollen,FOOD SUPPLEMENTS,FOOD SUPPLEMENTS
bee products (not propolis),BeeProducts,OTC,OTC
bee propolis,BeePropolis,FOOD SUPPLEMENTS,FOOD SUPPLEMENTS
beef liver,LiverExtract,FOOD SUPPLEMENTS,FOOD SUPPLEMENTS
beet crystals,BeetRoot,HERBAL REMEDIES,FOOD SUPPLEMENTS
beet powder,BeetRoot,HERBAL REMEDIES,FOOD SUPPLEMENTS
beet root,BeetRoot,HERBAL REMEDIES,FOOD SUPPLEMENTS
beetroot,BeetRoot,HERBAL REMEDIES,FOOD SUPPLEMENTS
bella donna,Belladonna,HOMEOPATHIC,HOMEOPATHIC
belladonna,Belladonna,HOMEOPATHIC,HOMEOPATHIC
benzocaine,Benzocaine,OTC,OTC
benzodent,Benzocaine,OTC,OTC
berberine,barberry,HERBAL REMEDIES,SINGLES
beta carotene,BetaCarotene,BASIC VITAMINS & MINERALS,LETTER VITAMINS
beta carotene vitamin a,BetaCarotene,BASIC VITAMINS & MINERALS,LETTER VITAMINS
beta glucans,BetaGlucan,HERBAL REMEDIES,FOOD SUPPLEMENTS
beta sitosterol,BetaSitosterol,MISCELLANEOUS SUPPLEMENTS,MISCELLANEOUS SUPPLEMENTS
beta-sitosterol,BetaSitosterol,MISCELLANEOUS SUPPLEMENTS,MISCELLANEOUS SUPPLEMENTS
betaine hci,BetaineHCL,DIGESTIVE AIDS & ENZYMES,DIGESTIVE AIDS & ENZYMES
betaine hcl,BetaineHCL,DIGESTIVE AIDS & ENZYMES,DIGESTIVE AIDS & ENZYMES
betaine hydrochloride,BetaineHCL,DIGESTIVE AIDS & ENZYMES,DIGESTIVE AIDS & ENZYMES
betony,betony,HERBAL REMEDIES,SINGLES
bilberry,bilberry,HERBAL REMEDIES,SINGLES
billion,Probiotic,PREBIOTICS & PROBIOTICS,PREBIOTICS & PROBIOTICS
bioflavonoid complex,BioflavonoidComplex,HERBAL REMEDIES,SINGLES
bioperine,Bioperine,HERBAL REMEDIES,SINGLES
biotin,biotin,BASIC VITAMINS & MINERALS,LETTER VITAMINS
bitter melon,BitterMelon,HERBAL REMEDIES,SINGLES
black berry,Blackberry,HERBAL REMEDIES,SINGLES
black cohosh,BlackCohosh,HERBAL REMEDIES,SINGLES
black cumin seed,BlackSeed,OIL CATEGORY,SEED OILS
black currant,BlackCurrant,HERBAL REMEDIES,SINGLES
black currant oil,BlackCurrantOil,OIL CATEGORY,ALL OTHER OIL
black currant seed oil,BlackCurrantOil,OIL CATEGORY,ALL OTHER OIL
black pepper,Bioperine,HERBAL REMEDIES,SINGLES
black seed,BlackSeed,OIL CATEGORY,SEED OILS
black walnut,BlackWalnut,HERBAL REMEDIES,SINGLES
blackberry,Blackberry,HERBAL REMEDIES,SINGLES
bladderwrack,bladderwrack,HERBAL REMEDIES,SINGLES
blessed thistle,BlessedThistle,HERBAL REMEDIES,SINGLES
blood root,Bloodroot,HERBAL REMEDIES,SINGLES
bloodroot,Bloodroot,HERBAL REMEDIES,SINGLES
blue cohosh,BlueCohosh,HERBAL REMEDIES,SINGLES
blueberry concentrate,BlueberryExtract,HERBAL REMEDIES,FOOD SUPPLEMENTS
blueberry extract,BlueberryExtract,HERBAL REMEDIES,FOOD SUPPLEMENTS
blueberry leaf,BlueberryExtract,HERBAL REMEDIES,FOOD SUPPLEMENTS
boldo,Boldo,HERBAL REMEDIES,SINGLES
bone meal,BoneMeal,BASIC VITAMINS & MINERALS,MINERALS
boneset,Boneset,HERBAL/HOMEOPATHIC COLD & FLU,HERBAL SINGLES COLD & FLU
borage,Borage,OIL CATEGORY,ALL OTHER OIL
boron,Boron,BASIC VITAMINS & MINERALS,MINERALS
boswellia,Boswellia,HERBAL REMEDIES,SINGLES
boswellin,Boswellia,HERBAL REMEDIES,SINGLES
bovine cartilage,BovineCartilage,MISCELLANEOUS SUPPLEMENTS,MISCELLANEOUS SUPPLEMENTS
bovine liver,LiverExtract,FOOD SUPPLEMENTS,FOOD SUPPLEMENTS
bovine tracheal cartilage,BovineCartilage,MISCELLANEOUS SUPPLEMENTS,MISCELLANEOUS SUPPLEMENTS
branched chain amino acids,BCAA,AMINO ACIDS,AMINO ACIDS
brewer s yeast,YeastBrewers,HERBAL REMEDIES,FOOD SUPPLEMENTS
brewer's yeast,YeastBrewers,HERBAL REMEDIES,FOOD SUPPLEMENTS
brewers yeast,YeastBrewers,HERBAL REMEDIES,FOOD SUPPLEMENTS
broccoli,Broccoli,HERBAL REMEDIES,FOOD SUPPLEMENTS
broccomax,Broccoli,HERBAL REMEDIES,FOOD SUPPLEMENTS
bromelain,bromelain,DIGESTIVE AIDS & ENZYMES,DIGESTIVE AIDS & ENZYMES
brompheniramine,Brompheniramine,OTC,OTC
bryonia,Bryonia,HOMEOPATHIC,HOMEOPATHIC
buchu,buchu,HERBAL REMEDIES,SINGLES
bugle weed,bugleweed,HERBAL REMEDIES,SINGLES
bugleweed,bugleweed,HERBAL REMEDIES,SINGLES
bupleurum,bupleurum,HERBAL REMEDIES,SINGLES
burdock,burdock,HERBAL REMEDIES,SINGLES
butcher's broom,ButchersBroom,HERBAL REMEDIES,SINGLES
butchers broom,ButchersBroom,HERBAL REMEDIES,SINGLES
butchers s broom,ButchersBroom,HERBAL REMEDIES,SINGLES
butterbur,Butterbur,HERBAL REMEDIES,SINGLES
c,VitaminCnotEster,BASIC VITAMINS & MINERALS,LETTER VITAMINS
cacao,Cocoa,HERBAL REMEDIES,FOOD SUPPLEMENTS
caffeinated,Caffeine,MISCELLANEOUS SUPPLEMENTS,MISCELLANEOUS SUPPLEMENTS
caffeine,Caffeine,MISCELLANEOUS SUPPLEMENTS,MISCELLANEOUS SUPPLEMENTS
cal mag,,BASIC VITAMINS & MINERALS,MINERALS
calcium,Calcium,BASIC VITAMINS & MINERALS,MINERALS
calcium d glucarate,CalciumDglucarate,BASIC VITAMINS & MINERALS,MINERALS
calcium d-glucarate,CalciumDglucarate,BASIC VITAMINS & MINERALS,MINERALS
calcium/magnesium combinations,,BASIC VITAMINS & MINERALS,MINERALS
calendula,Calendula,HERBAL REMEDIES,SINGLES
calendula (homeopathic),CalendulaHomeo,HOMEOPATHIC,HOMEOPATHIC
camu camu,CamuCamu,HERBAL REMEDIES,FOOD SUPPLEMENTS
cannabidiol (cbd),CBD,OIL CATEGORY,HEMP/CBD
caprylic acid,CaprylicAcid,OIL CATEGORY,ALL OTHER OIL
caralluma,caralluma,WEIGHT MANAGEMENT FORMULAS,WEIGHT MANAGEMENT FORMULAS
caraway,caraway,HERBAL REMEDIES,SINGLES
carb powder,SupplementalCarbSource,PERFORMANCE NUTRITION,PERFORMANCE NUTRITION
carbohydrate fuel,SupplementalCarbSource,PERFORMANCE NUTRITION,PERFORMANCE NUTRITION
carbohydrate powder,SupplementalCarbSource,PERFORMANCE NUTRITION,PERFORMANCE NUTRITION
carbohydrate supplement,SupplementalCarbSource,PERFORMANCE NUTRITION,PERFORMANCE NUTRITION
carbohydrate xtreme,SupplementalCarbSource,PERFORMANCE NUTRITION,PERFORMANCE NUTRITION
carboximetil celulosa,Carboxymethylcellulose,OTC,OTC
carboxymethyl cellulose,Carboxymethylcellulose,OTC,OTC
carboxymethylcellulose,Carboxymethylcellulose,OTC,OTC
carnosine & metabolites,Carnosine,AMINO ACIDS,AMINO ACIDS
carob,Carob,HERBAL REMEDIES,FOOD SUPPLEMENTS
cartilago de tiburon,SharkCartilage,MISCELLANEOUS SUPPLEMENTS,MISCELLANEOUS SUPPLEMENTS
cascara sagrada,CascaraSagrada,FIBER PRODUCTS & LAXATIVES,FIBER PRODUCTS & LAXATIVES
castor oil,VegSuppOils,OIL CATEGORY,ALL OTHER OIL
cat s claw,CatsClaw,HERBAL/HOMEOPATHIC COLD & FLU,HERBAL SINGLES COLD & FLU
cat's claw,CatsClaw,HERBAL/HOMEOPATHIC COLD & FLU,HERBAL SINGLES COLD & FLU
catnip,Catnip,HERBAL REMEDIES,SINGLES
cats claw (una de gato),CatsClaw,HERBAL/HOMEOPATHIC COLD & FLU,HERBAL SINGLES COLD & FLU
cayenne,Cayenne,HERBAL REMEDIES,SINGLES
celadrin,Celadrin,MISCELLANEOUS SUPPLEMENTS,MISCELLANEOUS SUPPLEMENTS
celandine,Celandine,HERBAL REMEDIES,SINGLES
celery seed,CelerySeed,HERBAL REMEDIES,SINGLES
cell salt,CellSalt,HOMEOPATHIC,HOMEOPATHIC
cell salts,CellSalt,HOMEOPATHIC,HOMEOPATHIC
cetirizine,Cetirizine,OTC,OTC
cetyl m,CMO,MISCELLANEOUS SUPPLEMENTS,MISCELLANEOUS SUPPLEMENTS
cetyl myristoleate (cmo),CMO,MISCELLANEOUS SUPPLEMENTS,MISCELLANEOUS SUPPLEMENTS
cetylpure,CMO,MISCELLANEOUS SUPPLEMENTS,MISCELLANEOUS SUPPLEMENTS
cfu,Probiotic,PREBIOTICS & PROBIOTICS,PREBIOTICS & PROBIOTICS
chaga,ChagaMushroom,HERBAL REMEDIES,SINGLES
chamomile,Chamomile,HERBAL REMEDIES,SINGLES
chapparal,Chapparal,HERBAL REMEDIES,SINGLES
charcoal,Charcoal,DIGESTIVE AIDS & ENZYMES,CHARCOAL
chaste tree,Chastetree,HERBAL REMEDIES,SINGLES
chastetree,Chastetree,HERBAL REMEDIES,SINGLES
cherry bark,WildCherryBark,HERBAL/HOMEOPATHIC COLD & FLU,HERBAL FORMULAS COLD & FLU
cherry extract,Cherry,HERBAL REMEDIES,FOOD SUPPLEMENTS
chia seed,ChiaSeed,HERBAL REMEDIES,FOOD SUPPLEMENTS
chia seed oil,ChiaSeedOil,OIL CATEGORY,SEED OILS
chick weed,Chickweed,HERBAL REMEDIES,SINGLES
chickweed,Chickweed,HERBAL REMEDIES,SINGLES
chinese herbs,,HERBAL REMEDIES,FORMULAS
chinese skullcap,Skullcap,HERBAL REMEDIES,SINGLES
chitosan,Chitosan,WEIGHT MANAGEMENT FORMULAS,WEIGHT MANAGEMENT FORMULAS
chlorella,Chlorella,HERBAL REMEDIES,FOOD SUPPLEMENTS
chlorophyll,Chlorella,HERBAL REMEDIES,FOOD SUPPLEMENTS
chlorpheniramine,Chlorpheniramine,OTC,OTC
chlortabs,Chlorpheniramine,OTC,OTC
choline,Choline,MISCELLANEOUS SUPPLEMENTS,MISCELLANEOUS SUPPLEMENTS
choline and inositol (combo),,MISCELLANEOUS SUPPLEMENTS,MISCELLANEOUS SUPPLEMENTS
chondroitin,Chondroitin,GLUCOSAMINE & CHONDROITIN,GLUCOSAMINE & CHONDROITIN
chromium,Chromium,BASIC VITAMINS & MINERALS,MINERALS
cider vinegar,CiderVinegar,HERBAL REMEDIES,FOOD SUPPLEMENTS
cinnamon,Cinnamon,HERBAL REMEDIES,SINGLES
cla,CLA,WEIGHT MANAGEMENT FORMULAS,WEIGHT MANAGEMENT FORMULAS
cleavers,Cleavers,HERBAL REMEDIES,SINGLES
clove,Clove,HERBAL REMEDIES,SINGLES
clover,Clover,HERBAL REMEDIES,SINGLES
cloves,Clove,HERBAL REMEDIES,SINGLES
cmo,CMO,MISCELLANEOUS SUPPLEMENTS,MISCELLANEOUS SUPPLEMENTS
co enzyme q10,CoQ10,COENZYME Q10,COENZYME Q10
co q-10,CoQ10,COENZYME Q10,COENZYME Q10
co q10,CoQ10,COENZYME Q10,COENZYME Q10
co-enzyme q 10,CoQ10,COENZYME Q10,COENZYME Q10
co-enzyme q10,CoQ10,COENZYME Q10,COENZYME Q10
cocoa,Cocoa,HERBAL REMEDIES,FOOD SUPPLEMENTS
coconut oil,CoconutOil,OIL CATEGORY,COCONUT OIL
coilloidal minerals,CoilloidalMinerals,BASIC VITAMINS & MINERALS,MINERALS
cold eeze,Zinc,BASIC VITAMINS & MINERALS,MINERALS
cold-eeze,Zinc,BASIC VITAMINS & MINERALS,MINERALS
collagen,Collagen,PROTEIN SUPPLEMENTS & MEAL REPLACEMENTS,COLLAGEN
collinosia,Collinosia,HERBAL REMEDIES,SINGLES
colloidal silver,CollodialSilver,BASIC VITAMINS & MINERALS,MINERALS
colostrum,Colostrum,DIGESTIVE AIDS & ENZYMES,DIGESTIVE AIDS & ENZYMES
colostrum6,Colostrum,DIGESTIVE AIDS & ENZYMES,DIGESTIVE AIDS & ENZYMES
coltsfoot,Coltsfoot,HERBAL/HOMEOPATHIC COLD & FLU,HERBAL SINGLES COLD & FLU
comfrey,Comfrey,HERBAL REMEDIES,SINGLES
complete multi,Multivitamin,COMBINED MULTIVITAMINS,COMBINED MULTIVITAMINS
conjugated linoleic acid,CLA,WEIGHT MANAGEMENT FORMULAS,WEIGHT MANAGEMENT FORMULAS
copper,Copper,BASIC VITAMINS & MINERALS,MINERALS
coq 10,CoQ10,COENZYME Q10,COENZYME Q10
coq-10,CoQ10,COENZYME Q10,COENZYME Q10
coq10,CoQ10,COENZYME Q10,COENZYME Q10
coral calcium,CoralCalcium,BASIC VITAMINS & MINERALS,MINERALS
cordycep,CordycepsMushroom,HERBAL REMEDIES,SINGLES
cordycep-m,CordycepsMushroom,HERBAL REMEDIES,SINGLES
cordyceps,CordycepsMushroom,HERBAL REMEDIES,SINGLES
corn silk,Cornsilk,HERBAL REMEDIES,SINGLES
cornsilk,Cornsilk,HERBAL REMEDIES,SINGLES
corydalis,Corydalis,HERBAL REMEDIES,SINGLES
cramp bark,Crampbark,HERBAL REMEDIES,SINGLES
crampbark,Crampbark,HERBAL REMEDIES,SINGLES
cran berry,Cranberry,HERBAL REMEDIES,FOOD SUPPLEMENTS
cranberry,Cranberry,HERBAL REMEDIES,FOOD SUPPLEMENTS
cranesbill,Cranesbill,HERBAL REMEDIES,SINGLES
cranesbills,Cranesbill,HERBAL REMEDIES,SINGLES
cranrx,Cranberry,HERBAL REMEDIES,FOOD SUPPLEMENTS
creatine,Creatine,PERFORMANCE NUTRITION,PERFORMANCE NUTRITION
curcumin,Turmeric,HERBAL REMEDIES,SINGLES
cysteine,Cysteine,AMINO ACIDS,AMINO ACIDS
d,VitaminD,BASIC VITAMINS & MINERALS,LETTER VITAMINS
d 3,VitaminD,BASIC VITAMINS & MINERALS,LETTER VITAMINS
d a k,VitaminADK,BASIC VITAMINS & MINERALS,LETTER VITAMINS
d3,VitaminD,BASIC VITAMINS & MINERALS,LETTER VITAMINS
daily multi,Multivitamin,COMBINED MULTIVITAMINS,COMBINED MULTIVITAMINS
damiana,Damiana,HERBAL REMEDIES,SINGLES
dandelion,Dandelion,HERBAL REMEDIES,SINGLES
deglycyrrhizinated licorice,Licorice,HERBAL REMEDIES,SINGLES
dehydroepiandrosterone,DHEA,BASIC VITAMINS & MINERALS,DHEA & PREGNENOLONE & HORMONES
dessicated liver,LiverExtract,FOOD SUPPLEMENTS,FOOD SUPPLEMENTS
devil s claw,DevilsClaw,HERBAL REMEDIES,SINGLES
devil's claw,DevilsClaw,HERBAL REMEDIES,SINGLES
devils claw,DevilsClaw,HERBAL REMEDIES,SINGLES
dextromethorphan,Dextromethorphan,OTC,OTC
dextromethorphan hbr,DextromethorphanHydrobromide,OTC,OTC
dextromethorphan hydrobromide,DextromethorphanHydrobromide,OTC,OTC
dextromitorphan hydrobromide,DextromitorphanHydrobromide,OTC,OTC
dgl,Licorice,HERBAL REMEDIES,SINGLES
dha,DHA,OIL CATEGORY,DHA
dhea,DHEA,BASIC VITAMINS & MINERALS,DHEA & PREGNENOLONE & HORMONES
digestive bitters,DigestiveBitters,DIGESTIVE AIDS & ENZYMES,DIGESTIVE AIDS & ENZYMES
diindolylmethane,DIM,HERBAL REMEDIES,FOOD SUPPLEMENTS
dim,DIM,HERBAL REMEDIES,FOOD SUPPLEMENTS
dimenhydrinate,Dimenhydrinate,OTC,OTC
dimethylaminoethanol,DMAE,MISCELLANEOUS SUPPLEMENTS,MISCELLANEOUS SUPPLEMENTS
dimethylglycine,DMG,MISCELLANEOUS SUPPLEMENTS,MISCELLANEOUS SUPPLEMENTS
diphenhydramine,Diphenhydramine,OTC,OTC
dmae,DMAE,MISCELLANEOUS SUPPLEMENTS,MISCELLANEOUS SUPPLEMENTS
dmg,DMG,MISCELLANEOUS SUPPLEMENTS,MISCELLANEOUS SUPPLEMENTS
dolomite,Dolomite,BASIC VITAMINS & MINERALS,MINERALS
dong quai,DongQuai,HERBAL REMEDIES,SINGLES
dophilus,Probiotic,PREBIOTICS & PROBIOTICS,PREBIOTICS & PROBIOTICS
doxylamine,Doxylamine,OTC,OTC
dyclonine hydrochloride,DyclonineHydrochloride,OTC,OTC
e,VitaminEester,BASIC VITAMINS & MINERALS,LETTER VITAMINS
echinacea,Echinacea,HERBAL/HOMEOPATHIC COLD & FLU,HERBAL SINGLES COLD & FLU
echinacea goldenseal combo,,HERBAL/HOMEOPATHIC COLD & FLU,HERBAL FORMULAS COLD & FLU
elder berries,Elderberry,HERBAL/HOMEOPATHIC COLD & FLU,HERBAL SINGLES COLD & FLU
elder berry,Elderberry,HERBAL/HOMEOPATHIC COLD & FLU,HERBAL SINGLES COLD & FLU
elderberries,Elderberry,HERBAL/HOMEOPATHIC COLD & FLU,HERBAL SINGLES COLD & FLU
elderberry,Elderberry,HERBAL/HOMEOPATHIC COLD & FLU,HERBAL SINGLES COLD & FLU
elecampane,Elecampane,HERBAL/HOMEOPATHIC COLD & FLU,HERBAL SINGLES COLD & FLU
eleuthero,SiberianGinseng,HERBAL REMEDIES,SINGLES
emu oil,EmuOil,OIL CATEGORY,ALL OTHER OIL
ephedra,Ephedra,HERBAL REMEDIES,SINGLES
epinephrine,Epinephrine,OTC,OTC
ester c,VitaminCEster,BASIC VITAMINS & MINERALS,LETTER VITAMINS
ester e,VitaminEester,BASIC VITAMINS & MINERALS,LETTER VITAMINS
eucalyptol,Eucalyptol,OTC,OTC
eucalyptus,Eucalyptus,HERBAL/HOMEOPATHIC COLD & FLU,HERBAL SINGLES COLD & FLU
euphrasia,Eyebright,HERBAL REMEDIES,SINGLES
eye health formulas,EyeHealth,BASIC VITAMINS & MINERALS,MINERALS
eyebright,Eyebright,HERBAL REMEDIES,SINGLES
ez mg,Zma,PERFORMANCE NUTRITION,PERFORMANCE NUTRITION
false unicorn,FalseUnicorn,HERBAL REMEDIES,SINGLES
fennel,Fennel,HERBAL REMEDIES,FOOD SUPPLEMENTS
fenugreek,Fenugreek,HERBAL REMEDIES,SINGLES
feverfew,Feverfew,HERBAL REMEDIES,SINGLES
fexofenadine,Fexofenadine,OTC,OTC
fish oil,FishOil,OIL CATEGORY,FISH OIL
five htp,5HTP,BASIC VITAMINS & MINERALS,DHEA & PREGNENOLONE & HORMONES
flax seed,FlaxSeed,OIL CATEGORY,SEED OILS
flaxseed,FlaxSeed,OIL CATEGORY,SEED OILS
flower essence,FlowerEssences,FLOWER ESSENCES,FLOWER ESSENCES
flower essences,FlowerEssences,FLOWER ESSENCES,FLOWER ESSENCES
fluoride,Fluoride,MISCELLANEOUS SUPPLEMENTS,MISCELLANEOUS SUPPLEMENTS
fo ti,FoTi,HERBAL REMEDIES,SINGLES
fo-ti,FoTi,HERBAL REMEDIES,SINGLES
folate,Folic Acid,BASIC VITAMINS & MINERALS,LETTER VITAMINS
folic acid,Folic Acid,BASIC VITAMINS & MINERALS,LETTER VITAMINS
folic acid - b-6 - b-12 combo,,BASIC VITAMINS & MINERALS,LETTER VITAMINS
forskohlii,Forskohlii,HERBAL REMEDIES,SINGLES
forskohlii (coleus),Forskohlii,HERBAL REMEDIES,SINGLES
forskolin,Forskohlii,HERBAL REMEDIES,SINGLES
fos,FOS,FIBER PRODUCTS & LAXATIVES,FIBER PRODUCTS & LAXATIVES
fructooligosaccharides,FOS,FIBER PRODUCTS & LAXATIVES,FIBER PRODUCTS & LAXATIVES
gaba,GABA,AMINO ACIDS,AMINO ACIDS
gamma aminobutyric acid,GABA,AMINO ACIDS,AMINO ACIDS
gamma oryzanol,GammaOryzanol,MISCELLANEOUS SUPPLEMENTS,MISCELLANEOUS SUPPLEMENTS
garcinia cambogia,HCA,WEIGHT MANAGEMENT FORMULAS,WEIGHT MANAGEMENT FORMULAS
garlic,Garlic,HERBAL REMEDIES,SINGLES
gelatin,Gelatin,MISCELLANEOUS SUPPLEMENTS,MISCELLANEOUS SUPPLEMENTS
gentian,Gentian,HERBAL REMEDIES,SINGLES
germanium,Germanium,BASIC VITAMINS & MINERALS,MINERALS
ginger,Ginger,HERBAL REMEDIES,SINGLES
gingko biloba,Ginkgo,HERBAL REMEDIES,SINGLES
ginkgo,Ginkgo,HERBAL REMEDIES,SINGLES
ginkgo biloba,Ginkgo,HERBAL REMEDIES,SINGLES
ginko biloba,Ginkgo,HERBAL REMEDIES,SINGLES
ginseng,Ginseng,HERBAL REMEDIES,SINGLES
ginseng - siberian,SiberianGinseng,HERBAL REMEDIES,SINGLES
glandular,Glandular,MISCELLANEOUS SUPPLEMENTS,MISCELLANEOUS SUPPLEMENTS
glucan,BetaGlucan,HERBAL REMEDIES,FOOD SUPPLEMENTS
glucomannan,Glucomannan,WEIGHT MANAGEMENT FORMULAS,WEIGHT MANAGEMENT FORMULAS
glucosamine,Glucosamine,GLUCOSAMINE & CHONDROITIN,GLUCOSAMINE & CHONDROITIN
glucosamine chondroitin combo,,GLUCOSAMINE & CHONDROITIN,GLUCOSAMINE & CHONDROITIN
glucose,Glucose,OTC,OTC
glutamine,Glutamine,AMINO ACIDS,AMINO ACIDS
glutathione,Glutathione,MISCELLANEOUS SUPPLEMENTS,MISCELLANEOUS SUPPLEMENTS
gluten,Gluten,DIGESTIVE AIDS & ENZYMES,DIGESTIVE AIDS & ENZYMES
glycine,Glycine,AMINO ACIDS,AMINO ACIDS
goji berries,GojiBerry,HERBAL REMEDIES,FOOD SUPPLEMENTS
goji berry,GojiBerry,HERBAL REMEDIES,FOOD SUPPLEMENTS
golden rod,GoldenRod,HERBAL REMEDIES,SINGLES
goldenrod,GoldenRod,HERBAL REMEDIES,SINGLES
goldenseal,Goldenseal,HERBAL REMEDIES,SINGLES
goose berry,Gooseberry,HERBAL REMEDIES,SINGLES
gooseberry,Gooseberry,HERBAL REMEDIES,SINGLES
gotu kola,GotuKola,HERBAL REMEDIES,SINGLES
gotu-kola,GotuKola,HERBAL REMEDIES,SINGLES
grape fruit seed,GrapeFruitSeed,HERBAL/HOMEOPATHIC COLD & FLU,HERBAL SINGLES COLD & FLU
grape seed,GrapeSeed,HERBAL REMEDIES,POLYPHENOLS
grapefruit seed,GrapeFruitSeed,HERBAL/HOMEOPATHIC COLD & FLU,HERBAL SINGLES COLD & FLU
grapeseed,GrapeSeed,HERBAL REMEDIES,POLYPHENOLS
gravel root,GravelRoot,HERBAL REMEDIES,SINGLES
green coffee,GreenCoffee,HERBAL REMEDIES,SINGLES
green lipped mussel,GreenLippedMussel,MISCELLANEOUS SUPPLEMENTS,MISCELLANEOUS SUPPLEMENTS
green tea,GreenTea,HERBAL REMEDIES,POLYPHENOLS
grindelia,Grindelia,HERBAL REMEDIES,SINGLES
gse,GrapeFruitSeed,HERBAL/HOMEOPATHIC COLD & FLU,HERBAL SINGLES COLD & FLU
guaifenesin,Guaifenesin,OTC,OTC
guarana,Guarana,HERBAL REMEDIES,SINGLES
guggul,Guggul,HERBAL REMEDIES,SINGLES
guggulsterones,Guggul,HERBAL REMEDIES,SINGLES
gugulipid,Guggul,HERBAL REMEDIES,SINGLES
gummy vites,Multivitamin,COMBINED MULTIVITAMINS,COMBINED MULTIVITAMINS
gymnema sylvestre,GymnemaSylvestre,HERBAL REMEDIES,SINGLES
hawthorn,Hawthorn,HERBAL REMEDIES,SINGLES
hawthorne,Hawthorn,HERBAL REMEDIES,SINGLES
hca,HCA,WEIGHT MANAGEMENT FORMULAS,WEIGHT MANAGEMENT FORMULAS
hcg,HCG,BASIC VITAMINS & MINERALS,DHEA & PREGNENOLONE & HORMONES
he shou wu,FoTi,HERBAL REMEDIES,SINGLES
hemp,Hemp,HERBAL REMEDIES,SINGLES
hmb,HMB,MISCELLANEOUS SUPPLEMENTS,MISCELLANEOUS SUPPLEMENTS
holy basil,basil,HERBAL REMEDIES,SINGLES
hoodia,Hoodia,HERBAL REMEDIES,SINGLES
hop extract,Hops,HERBAL REMEDIES,SINGLES
hops,Hops,HERBAL REMEDIES,SINGLES
horehound,Horehound,HERBAL/HOMEOPATHIC COLD & FLU,HERBAL SINGLES COLD & FLU
horny goat weed,HornyGoatWeed,HERBAL REMEDIES,SINGLES
horse chestnut,HorseChestnut,HERBAL REMEDIES,SINGLES
horsechestnut,HorseChestnut,HERBAL REMEDIES,SINGLES
horseradish,Horseradish,HERBAL/HOMEOPATHIC COLD & FLU,HERBAL SINGLES COLD & FLU
horsetail (silica),Horsetail,HERBAL REMEDIES,SINGLES
huang qin,Skullcap,HERBAL REMEDIES,SINGLES
human chorionic gonadotropin,HCG,BASIC VITAMINS & MINERALS,DHEA & PREGNENOLONE & HORMONES
huperzine,Huperzine,HERBAL REMEDIES,SINGLES
hyaluronic acid,HyaluronicAcid,MISCELLANEOUS SUPPLEMENTS,MISCELLANEOUS SUPPLEMENTS
hydrangea,Hydrangea,HERBAL REMEDIES,SINGLES
hypromellose,Hypromellose,OTC,OTC
hyssop,Hyssop,HERBAL REMEDIES,SINGLES
ibuprofen,Ibuprofen,OTC,OTC
illicium,Illicium,HERBAL REMEDIES,SINGLES
inosine,Inosine,MISCELLANEOUS SUPPLEMENTS,MISCELLANEOUS SUPPLEMENTS
inositol,Inositol,FOOD SUPPLEMENTS,FOOD SUPPLEMENTS
inositol hexaphosphate,IP6,BASIC VITAMINS & MINERALS,LETTER VITAMINS
iodine,Iodine,BASIC VITAMINS & MINERALS,MINERALS
ip 6,IP6,BASIC VITAMINS & MINERALS,LETTER VITAMINS
ip-6,IP6,BASIC VITAMINS & MINERALS,LETTER VITAMINS
ip6,IP6,BASIC VITAMINS & MINERALS,LETTER VITAMINS
ipriflavone,Ipriflavone,MISCELLANEOUS SUPPLEMENTS,MISCELLANEOUS SUPPLEMENTS
iron,Iron,BASIC VITAMINS & MINERALS,MINERALS
isoflavone,Isoflavones,FOOD SUPPLEMENTS,FOOD SUPPLEMENTS
isoflavones,Isoflavones,FOOD SUPPLEMENTS,FOOD SUPPLEMENTS
ivy,IvyLeaf,HERBAL REMEDIES,SINGLES
ivy leaf,IvyLeaf,HERBAL REMEDIES,SINGLES
juniper,Juniper,HERBAL REMEDIES,SINGLES
k,VitaminK,BASIC VITAMINS & MINERALS,LETTER VITAMINS
k 1,VitaminK,BASIC VITAMINS & MINERALS,LETTER VITAMINS
k 2,VitaminK,BASIC VITAMINS & MINERALS,LETTER VITAMINS
k1,VitaminK,BASIC VITAMINS & MINERALS,LETTER VITAMINS
k2,VitaminK,BASIC VITAMINS & MINERALS,LETTER VITAMINS
karela,BitterMelon,HERBAL REMEDIES,SINGLES
kava,Kava,HERBAL REMEDIES,SINGLES
kelp,Kelp,HERBAL REMEDIES,FOOD SUPPLEMENTS
kelp - lecithin - b-6 combo,,HERBAL REMEDIES,FOOD SUPPLEMENTS
keratin,Keratin,MISCELLANEOUS SUPPLEMENTS,MISCELLANEOUS SUPPLEMENTS
ketones,Ketones,MISCELLANEOUS SUPPLEMENTS,MISCELLANEOUS SUPPLEMENTS
klamath,Algae,HERBAL REMEDIES,FOOD SUPPLEMENTS
kola nut,KolaNut,HERBAL REMEDIES,SINGLES
kombucha,Kombucha,FOOD SUPPLEMENTS,FOOD SUPPLEMENTS
konjac root,Glucomannan,WEIGHT MANAGEMENT FORMULAS,WEIGHT MANAGEMENT FORMULAS
kratom,Kratom,HERBAL REMEDIES,SINGLES
krill oil,KrillOil,OIL CATEGORY,FISH OIL
kudzu,Kudzu,HERBAL REMEDIES,SINGLES
l carnitine,AcetylLCarnitine,AMINO ACIDS,AMINO ACIDS
l cysteine,Cysteine,AMINO ACIDS,AMINO ACIDS
l theanine,Theanine,AMINO ACIDS,AMINO ACIDS
l tyrosine,Tyrosine,MISCELLANEOUS SUPPLEMENTS,MISCELLANEOUS SUPPLEMENTS
l-carnitine,AcetylLCarnitine,AMINO ACIDS,AMINO ACIDS
l-cysteine,Cysteine,AMINO ACIDS,AMINO ACIDS
l-theanine,Theanine,AMINO ACIDS,AMINO ACIDS
l-tyrosine,Tyrosine,MISCELLANEOUS SUPPLEMENTS,MISCELLANEOUS SUPPLEMENTS
lactase,Lactase,DIGESTIVE AIDS & ENZYMES,DIGESTIVE AIDS & ENZYMES
larch,LaraxARALarch,HERBAL/HOMEOPATHIC COLD & FLU,HERBAL SINGLES COLD & FLU
larix,LaraxARALarch,HERBAL/HOMEOPATHIC COLD & FLU,HERBAL SINGLES COLD & FLU
lavender,Lavender,HERBAL REMEDIES,SINGLES
laxative,Laxatives,FIBER PRODUCTS & LAXATIVES,FIBER PRODUCTS & LAXATIVES
laxative mineral oil,VegSuppOils,OIL CATEGORY,ALL OTHER OIL
laxatives,Laxatives,FIBER PRODUCTS & LAXATIVES,FIBER PRODUCTS & LAXATIVES
lcarnitine,AcetylLCarnitine,AMINO ACIDS,AMINO ACIDS
lecithin,Lecithin,HERBAL REMEDIES,FOOD SUPPLEMENTS
lemon balm,LemonBalm,HERBAL REMEDIES,SINGLES
lemon grass,Lemongrass,HERBAL REMEDIES,SINGLES
lemongrass,Lemongrass,HERBAL REMEDIES,SINGLES
licorice,Licorice,HERBAL REMEDIES,SINGLES
lidocaine,Lidocaine,HERBAL REMEDIES,SINGLES
limonene,OrangePeel,HERBAL REMEDIES,FOOD SUPPLEMENTS
linden,Linden,HERBAL REMEDIES,SINGLES
liquorice,Licorice,HERBAL REMEDIES,SINGLES
liver extract,LiverExtract,FOOD SUPPLEMENTS,FOOD SUPPLEMENTS
liver extracts,LiverExtract,FOOD SUPPLEMENTS,FOOD SUPPLEMENTS
lobelia,Lobelia,HERBAL REMEDIES,SINGLES
lomatium,Lomatium,HERBAL/HOMEOPATHIC COLD & FLU,HERBAL SINGLES COLD & FLU
loratadine,Loratadine,OTC,OTC
lutein,Lutein,BASIC VITAMINS & MINERALS,MINERALS
lutemax,Lutein,BASIC VITAMINS & MINERALS,MINERALS
lycopene,Lycopene,BASIC VITAMINS & MINERALS,MINERALS
lysine,Lysine,AMINO ACIDS,AMINO ACIDS
m.c.t.,MCT,OIL CATEGORY,MCT
maca,Maca,HERBAL REMEDIES,SINGLES
magnesium,Magnesium,BASIC VITAMINS & MINERALS,MINERALS
maitake,MaitakeMushroom,HERBAL REMEDIES,SINGLES
malic acid,MalicAcid,MISCELLANEOUS SUPPLEMENTS,MISCELLANEOUS SUPPLEMENTS
manganese,Manganese,BASIC VITAMINS & MINERALS,MINERALS
mango africano,AfricanMango,WEIGHT MANAGEMENT FORMULAS,WEIGHT MANAGEMENT FORMULAS
mangosteen,Mangosteen,HERBAL REMEDIES,FOOD SUPPLEMENTS
mannose,Dmannose,HERBAL REMEDIES,FOOD SUPPLEMENTS
maqui,Maqui,HERBAL REMEDIES,FOOD SUPPLEMENTS
maqui berry,Maqui,HERBAL REMEDIES,FOOD SUPPLEMENTS
marshmallow,Marshmallow,HERBAL REMEDIES,SINGLES
matcha,Matcha,HERBAL REMEDIES,FOOD SUPPLEMENTS
mct,MCT,OIL CATEGORY,MCT
mct oil,MCT,OIL CATEGORY,MCT
meadowsweet,Meadowsweet,HERBAL REMEDIES,SINGLES
melatonin,Melatonin,BASIC VITAMINS & MINERALS,DHEA & PREGNENOLONE & HORMONES
mentho-lyptus,Menthol,HERBAL/HOMEOPATHIC COLD & FLU,HERBAL SINGLES COLD & FLU
menthol,Menthol,HERBAL/HOMEOPATHIC COLD & FLU,HERBAL SINGLES COLD & FLU
metabolic response,WholeFoodConcentrate,HERBAL REMEDIES,FOOD SUPPLEMENTS
methenamine,Methenamine,OTC,OTC
methionine,Methionine,AMINO ACIDS,AMINO ACIDS
milk thistle,MilkThistle,HERBAL REMEDIES,SINGLES
minerals and trace,TraceMinerals,BASIC VITAMINS & MINERALS,MINERALS
mistletoe,Mistletoe,HERBAL REMEDIES,SINGLES
mk 4,VitaminK,BASIC VITAMINS & MINERALS,LETTER VITAMINS
mk 7,VitaminK,BASIC VITAMINS & MINERALS,LETTER VITAMINS
mk4,VitaminK,BASIC VITAMINS & MINERALS,LETTER VITAMINS
mk7,VitaminK,BASIC VITAMINS & MINERALS,LETTER VITAMINS
morinda citrifolia,Noni,HERBAL REMEDIES,FOOD SUPPLEMENTS
moringa,Moringa,HERBAL REMEDIES,FOOD SUPPLEMENTS
motherwort,Motherwort,HERBAL REMEDIES,SINGLES
msm,MSM,MISCELLANEOUS SUPPLEMENTS,MISCELLANEOUS SUPPLEMENTS
mucus dm,DextromethorphanHydrobromide,OTC,OTC
muira puama,MuiraPuama,HERBAL REMEDIES,SINGLES
mullein,Mullein,HERBAL REMEDIES,SINGLES
multi daily vitamin,Multivitamin,COMBINED MULTIVITAMINS,COMBINED MULTIVITAMINS
multi gummies,Multivitamin,COMBINED MULTIVITAMINS,COMBINED MULTIVITAMINS
multi vitamin,Multivitamin,COMBINED MULTIVITAMINS,COMBINED MULTIVITAMINS
multi vitamins,Multivitamin,COMBINED MULTIVITAMINS,COMBINED MULTIVITAMINS
multi-minerals,,BASIC VITAMINS & MINERALS,MINERALS
multi-vitamin,Multivitamin,COMBINED MULTIVITAMINS,COMBINED MULTIVITAMINS
multi-vitamins,Multivitamin,COMBINED MULTIVITAMINS,COMBINED MULTIVITAMINS
multi-vite,Multivitamin,COMBINED MULTIVITAMINS,COMBINED MULTIVITAMINS
multigummies,Multivitamin,COMBINED MULTIVITAMINS,COMBINED MULTIVITAMINS
multiple vitamin,Multivitamin,COMBINED MULTIVITAMINS,COMBINED MULTIVITAMINS
multiple vitamin - adult,,COMBINED MULTIVITAMINS,COMBINED MULTIVITAMINS
multiple vitamin - children,,COMBINED MULTIVITAMINS,COMBINED MULTIVITAMINS
multiple vitamin - mens,,COMBINED MULTIVITAMINS,COMBINED MULTIVITAMINS
multiple vitamin - senior,,COMBINED MULTIVITAMINS,COMBINED MULTIVITAMINS
multiple vitamin - women,,COMBINED MULTIVITAMINS,COMBINED MULTIVITAMINS
multivitamin,Multivitamin,COMBINED MULTIVITAMINS,COMBINED MULTIVITAMINS
multivitamins,Multivitamin,COMBINED MULTIVITAMINS,COMBINED MULTIVITAMINS
multivite,Multivitamin,COMBINED MULTIVITAMINS,COMBINED MULTIVITAMINS
mushroom,OtherMushroom,HERBAL REMEDIES,SINGLES
mushrooms,OtherMushroom,HERBAL REMEDIES,SINGLES
mushrooms - shiitake,Shitake,HERBAL REMEDIES,SINGLES
myrrh,Myrrh,HERBAL REMEDIES,SINGLES
n a c,NAC,AMINO ACIDS,AMINO ACIDS
n acetyl cysteine,NAC,AMINO ACIDS,AMINO ACIDS
n acetyl l cysteine,NAC,AMINO ACIDS,AMINO ACIDS
n acetylcysteine,NAC,AMINO ACIDS,AMINO ACIDS
n aceytl cysteine,NAC,AMINO ACIDS,AMINO ACIDS
n aceytl-cysteine,NAC,AMINO ACIDS,AMINO ACIDS
n-a-c,NAC,AMINO ACIDS,AMINO ACIDS
n-acetyl l-cysteine,NAC,AMINO ACIDS,AMINO ACIDS
n-acetyl-cysteine,NAC,AMINO ACIDS,AMINO ACIDS
n-acetylcysteine,NAC,AMINO ACIDS,AMINO ACIDS
n-aceytl cysteine,NAC,AMINO ACIDS,AMINO ACIDS
nac,NAC,AMINO ACIDS,AMINO ACIDS
nacetyllcysteine,NAC,AMINO ACIDS,AMINO ACIDS
nadh,NADH,MISCELLANEOUS SUPPLEMENTS,MISCELLANEOUS SUPPLEMENTS
naproxen,Naproxen,OTC,OTC
natto kinase,Nattokinase,MISCELLANEOUS SUPPLEMENTS,MISCELLANEOUS SUPPLEMENTS
natto-k,Nattokinase,MISCELLANEOUS SUPPLEMENTS,MISCELLANEOUS SUPPLEMENTS
natto-serra,Nattokinase,MISCELLANEOUS SUPPLEMENTS,MISCELLANEOUS SUPPLEMENTS
nattokinase,Nattokinase,MISCELLANEOUS SUPPLEMENTS,MISCELLANEOUS SUPPLEMENTS
nattomax,Nattokinase,MISCELLANEOUS SUPPLEMENTS,MISCELLANEOUS SUPPLEMENTS
neem,Neem,HERBAL REMEDIES,SINGLES
nettle,Nettles,HERBAL REMEDIES,SINGLES
nettles,Nettles,HERBAL REMEDIES,SINGLES
niacin,VitaminB3,BASIC VITAMINS & MINERALS,LETTER VITAMINS
niacinamide,VitaminB3,BASIC VITAMINS & MINERALS,LETTER VITAMINS
non content coded items,,OTC,OTC
noni,Noni,HERBAL REMEDIES,FOOD SUPPLEMENTS
not coded,,OTC,OTC
nutritional yeast,Yeast,HERBAL REMEDIES,FOOD SUPPLEMENTS
oak,OakBark,HERBAL REMEDIES,SINGLES
oat,Oats,FIBER PRODUCTS & LAXATIVES,FIBER PRODUCTS & LAXATIVES
oat bran,OatBran,FIBER PRODUCTS & LAXATIVES,FIBER PRODUCTS & LAXATIVES
oatstraw,Oats,HERBAL REMEDIES,SINGLES
octocosanol,WheatGermOil,OIL CATEGORY,ALL OTHER OIL
okg,OKG,AMINO ACIDS,AMINO ACIDS
olive leaf,OliveLeaf,HERBAL REMEDIES,SINGLES
omega 3,FishOil,OIL CATEGORY,FISH OIL
omega-3,FishOil,OIL CATEGORY,FISH OIL
optimsm,MSM,MISCELLANEOUS SUPPLEMENTS,MISCELLANEOUS SUPPLEMENTS
orange peel,OrangePeel,HERBAL REMEDIES,FOOD SUPPLEMENTS
oregano,Oregano,HERBAL REMEDIES,SINGLES
oreganol,Oregano,HERBAL REMEDIES,SINGLES
oregon grape,OregonGrape,HERBAL REMEDIES,SINGLES
ornithine,Ornithine,AMINO ACIDS,AMINO ACIDS
ornithine alpha ketoglutarate,OKG,AMINO ACIDS,AMINO ACIDS
osha,Osha,HERBAL REMEDIES,SINGLES
ostivone,Ipriflavone,MISCELLANEOUS SUPPLEMENTS,MISCELLANEOUS SUPPLEMENTS
other otc medicine,,OTC,OTC
over the counter products,,OTC,OTC
oxymetazoline,Oxymetazoline,OTC,OTC
paba,Paba,BASIC VITAMINS & MINERALS,LETTER VITAMINS
pantothenic acid,VitaminB5,BASIC VITAMINS & MINERALS,LETTER VITAMINS
papain,Papain,DIGESTIVE AIDS & ENZYMES,DIGESTIVE AIDS & ENZYMES
papaya,Papaya,DIGESTIVE AIDS & ENZYMES,DIGESTIVE AIDS & ENZYMES
parsley,Parsley,HERBAL REMEDIES,SINGLES
passion flower,PassionFlower,HERBAL REMEDIES,SINGLES
passionflower,PassionFlower,HERBAL REMEDIES,SINGLES
pau d  arco,PauDarco,HERBAL/HOMEOPATHIC COLD & FLU,HERBAL SINGLES COLD & FLU
pau d arco,PauDarco,HERBAL/HOMEOPATHIC COLD & FLU,HERBAL SINGLES COLD & FLU
pau d' arco,PauDarco,HERBAL/HOMEOPATHIC COLD & FLU,HERBAL SINGLES COLD & FLU
pau d'arco,PauDarco,HERBAL/HOMEOPATHIC COLD & FLU,HERBAL SINGLES COLD & FLU
pau darco,PauDarco,HERBAL/HOMEOPATHIC COLD & FLU,HERBAL SINGLES COLD & FLU
pectin,Pectin,OTC,OTC
pelargonium,Pelargonium,HERBAL/HOMEOPATHIC COLD & FLU,HERBAL SINGLES COLD & FLU
pennyroyal,Pennyroyal,HERBAL REMEDIES,SINGLES
peony,Peony,MISCELLANEOUS SUPPLEMENTS,MISCELLANEOUS SUPPLEMENTS
peppermint,PepperSpearMint,HERBAL REMEDIES,SINGLES
perdiem sennosides,Sennoside,FIBER PRODUCTS & LAXATIVES,FIBER PRODUCTS & LAXATIVES
perilla oil,VegSuppOils,OIL CATEGORY,ALL OTHER OIL
periwinkle,Periwinkle,HERBAL REMEDIES,SINGLES
phaseolamin,WhiteKidneyBean,WEIGHT MANAGEMENT FORMULAS,WEIGHT MANAGEMENT FORMULAS
phenazopyridine,Phenazopyridine,OTC,OTC
phenol,Phenol,OTC,OTC
phenol-1%,Phenol,OTC,OTC
phenylalanine,Phenylalanine,MISCELLANEOUS SUPPLEMENTS,MISCELLANEOUS SUPPLEMENTS
phenylephrine,Phenylephrine,OTC,OTC
phos choline,Lecithin,HERBAL REMEDIES,FOOD SUPPLEMENTS
phosphatidyl choline,Lecithin,HERBAL REMEDIES,FOOD SUPPLEMENTS
phosphatidyl serine,Phosphatidylserine,MISCELLANEOUS SUPPLEMENTS,MISCELLANEOUS SUPPLEMENTS
phosphatidylcholine,Lecithin,HERBAL REMEDIES,FOOD SUPPLEMENTS
phosphatidylserine,Phosphatidylserine,MISCELLANEOUS SUPPLEMENTS,MISCELLANEOUS SUPPLEMENTS
phosphorus,Phosphorus,MISCELLANEOUS SUPPLEMENTS,MISCELLANEOUS SUPPLEMENTS
phyllanthus,Phyllanthus,HERBAL REMEDIES,SINGLES
picrorhiza,Picorhiza,HERBAL REMEDIES,SINGLES
pine bark,PineBark,HERBAL REMEDIES,POLYPHENOLS
plant sterols,PlantSterols,MISCELLANEOUS SUPPLEMENTS,MISCELLANEOUS SUPPLEMENTS
plantain,Plantain,HERBAL REMEDIES,SINGLES
pleurisy,Pleurisy,HERBAL REMEDIES,SINGLES
poke root,Poke,HERBAL REMEDIES,SINGLES
policosanol,Policosanol,MISCELLANEOUS SUPPLEMENTS,MISCELLANEOUS SUPPLEMENTS
polyethylene glycol,PolyethyleneGlycol,OTC,OTC
pomegranate,Pomegranate,HERBAL REMEDIES,FOOD SUPPLEMENTS
pomeguard,Pomegranate,HERBAL REMEDIES,FOOD SUPPLEMENTS
poppy,Poppy,HERBAL REMEDIES,SINGLES
potassium,Potassium,BASIC VITAMINS & MINERALS,MINERALS
pqq,Pqq,MISCELLANEOUS SUPPLEMENTS,MISCELLANEOUS SUPPLEMENTS
prebiotic,Probiotic,PREBIOTICS & PROBIOTICS,PREBIOTICS & PROBIOTICS
prebiotics,Probiotic,PREBIOTICS & PROBIOTICS,PREBIOTICS & PROBIOTICS
pregnenolone,Pregnenolone,BASIC VITAMINS & MINERALS,DHEA & PREGNENOLONE & HORMONES
primrose,EveningPrimrose,HERBAL REMEDIES,SINGLES
private label not coded,,OTC,OTC
probiotic,Probiotic,PREBIOTICS & PROBIOTICS,PREBIOTICS & PROBIOTICS
probiotics,Probiotic,PREBIOTICS & PROBIOTICS,PREBIOTICS & PROBIOTICS
progesterone,Progesterone,BASIC VITAMINS & MINERALS,DHEA & PREGNENOLONE & HORMONES
propolis,BeePropolis,FOOD SUPPLEMENTS,FOOD SUPPLEMENTS
protein - animal & plant combo,,PROTEIN SUPPLEMENTS & MEAL REPLACEMENTS,
protein - animal - casein,,PROTEIN SUPPLEMENTS & MEAL REPLACEMENTS,
protein - animal - egg,,PROTEIN SUPPLEMENTS & MEAL REPLACEMENTS,
protein - animal - general,,PROTEIN SUPPLEMENTS & MEAL REPLACEMENTS,
protein - animal - insect,,PROTEIN SUPPLEMENTS & MEAL REPLACEMENTS,
protein - animal - meat,,PROTEIN SUPPLEMENTS & MEAL REPLACEMENTS,
protein - animal - milk & egg,,PROTEIN SUPPLEMENTS & MEAL REPLACEMENTS,
protein - animal - multi,,PROTEIN SUPPLEMENTS & MEAL REPLACEMENTS,
protein - animal - whey,,PROTEIN SUPPLEMENTS & MEAL REPLACEMENTS,
protein - animal - whey & casein,,PROTEIN SUPPLEMENTS & MEAL REPLACEMENTS,
protein - animal - whey & egg,,PROTEIN SUPPLEMENTS & MEAL REPLACEMENTS,
protein - animal - whey & milk,,PROTEIN SUPPLEMENTS & MEAL REPLACEMENTS,
protein - plant - general,,PROTEIN SUPPLEMENTS & MEAL REPLACEMENTS,
protein - plant - multi,,PROTEIN SUPPLEMENTS & MEAL REPLACEMENTS,
protein - plant - pea,,PROTEIN SUPPLEMENTS & MEAL REPLACEMENTS,
protein - plant - rice,,PROTEIN SUPPLEMENTS & MEAL REPLACEMENTS,
proteolytic enzymes,Proteolytic,MISCELLANEOUS SUPPLEMENTS,MISCELLANEOUS SUPPLEMENTS
pseudoephedrine,Pseudoephedrine,OTC,OTC
psyllium,Psyllium,FIBER PRODUCTS & LAXATIVES,FIBER PRODUCTS & LAXATIVES
pumpkin,Pumpkin,HERBAL REMEDIES,SINGLES
pureberry+purse,ShepherdsPurse,HERBAL REMEDIES,SINGLES
purepurse,ShepherdsPurse,HERBAL REMEDIES,SINGLES
pycnogenol,PineBark,HERBAL REMEDIES,POLYPHENOLS
pygeum,Pygeum,HERBAL REMEDIES,SINGLES
pyridium,Phenazopyridine,OTC,OTC
pyridoxine,VitaminB6,BASIC VITAMINS & MINERALS,LETTER VITAMINS
pyruvate,Pyruvate,WEIGHT MANAGEMENT FORMULAS,WEIGHT MANAGEMENT FORMULAS
quercetin,Quercetin,HERBAL REMEDIES,POLYPHENOLS
raspberry ketones,RedRaspberry,HERBAL REMEDIES,SINGLES
raw adrenal,AdrenalGlandular,MISCELLANEOUS SUPPLEMENTS,MISCELLANEOUS SUPPLEMENTS
recovery carbohydrate,SupplementalCarbSource,PERFORMANCE NUTRITION,PERFORMANCE NUTRITION
red clover,RedColver,HERBAL REMEDIES,SINGLES
red raspberry,RedRaspberry,HERBAL REMEDIES,SINGLES
red root,RedRoot,HERBAL REMEDIES,SINGLES
red yeast rice,RedYeastRice,HERBAL REMEDIES,SINGLES
reishi,ReishiMushroom,HERBAL REMEDIES,SINGLES
relora,Relora,HERBAL REMEDIES,SINGLES
resveratrol,Resveratrol,HERBAL REMEDIES,POLYPHENOLS
rheumania,Rheumania,HERBAL REMEDIES,SINGLES
rhodiola,Rhodiola,HERBAL REMEDIES,SINGLES
rhubarb,Rhubarb,HERBAL REMEDIES,SINGLES
riboflavin,VitaminB2,BASIC VITAMINS & MINERALS,LETTER VITAMINS
ribose,Ribose,PERFORMANCE NUTRITION,PERFORMANCE NUTRITION
rna,DNA,MISCELLANEOUS SUPPLEMENTS,MISCELLANEOUS SUPPLEMENTS
rooibos,Rooibos,HERBAL REMEDIES,POLYPHENOLS
rose hip,RoseHips,HERBAL REMEDIES,SINGLES
rose hips,RoseHips,HERBAL REMEDIES,SINGLES
rosehip,RoseHips,HERBAL REMEDIES,SINGLES
rosehips,RoseHips,HERBAL REMEDIES,SINGLES
rosemary,Rosemary,HERBAL REMEDIES,SINGLES
royal jelly,RoyalJelly,FOOD SUPPLEMENTS,FOOD SUPPLEMENTS
rutin,Rutin,BASIC VITAMINS & MINERALS,LETTER VITAMINS
s-adenosyl methionine,SAMe,MISCELLANEOUS SUPPLEMENTS,MISCELLANEOUS SUPPLEMENTS
s-adenosyl-l-methionine,SAMe,MISCELLANEOUS SUPPLEMENTS,MISCELLANEOUS SUPPLEMENTS
s-adenosyl-methionine,SAMe,MISCELLANEOUS SUPPLEMENTS,MISCELLANEOUS SUPPLEMENTS
s-adenosylmethionine,SAMe,MISCELLANEOUS SUPPLEMENTS,MISCELLANEOUS SUPPLEMENTS
s.o.d.,SuperOxideDismutase,MISCELLANEOUS SUPPLEMENTS,MISCELLANEOUS SUPPLEMENTS
safflower oil,VegSuppOils,OIL CATEGORY,ALL OTHER OIL
saffron,Saffron,HERBAL REMEDIES,SINGLES
sage,Sage,HERBAL REMEDIES,SINGLES
saint john's wort,StJohnsWort,HERBAL REMEDIES,SINGLES
saint johns wort,StJohnsWort,HERBAL REMEDIES,SINGLES
saline,Saline,OTC,OTC
saline (sodium chloride),Saline,OTC,OTC
sam e,SAMe,MISCELLANEOUS SUPPLEMENTS,MISCELLANEOUS SUPPLEMENTS
sam-e,SAMe,MISCELLANEOUS SUPPLEMENTS,MISCELLANEOUS SUPPLEMENTS
sambucol,Elderberry,HERBAL/HOMEOPATHIC COLD & FLU,HERBAL SINGLES COLD & FLU
sambucus,Elderberry,HERBAL/HOMEOPATHIC COLD & FLU,HERBAL SINGLES COLD & FLU
sarsaparilla,Sarsparilla,HERBAL REMEDIES,SINGLES
sarsparilla,Sarsparilla,HERBAL REMEDIES,SINGLES
sassafras,Sassafras,HERBAL REMEDIES,SINGLES
saw palmetto,SawPalmetto,HERBAL REMEDIES,SINGLES
schisandra,Schisandra,HERBAL REMEDIES,SINGLES
schizandra,Schisandra,HERBAL REMEDIES,SINGLES
sea buckthorn,SeaBuckthorn,HERBAL REMEDIES,FOOD SUPPLEMENTS
seabuckthorn,SeaBuckthorn,HERBAL REMEDIES,FOOD SUPPLEMENTS
selenium,Selenium,BASIC VITAMINS & MINERALS,MINERALS
senegal fiber,AcaciaFiber,FIBER PRODUCTS & LAXATIVES,FIBER PRODUCTS & LAXATIVES
senna,Senna,FIBER PRODUCTS & LAXATIVES,FIBER PRODUCTS & LAXATIVES
senna-s,Senna,FIBER PRODUCTS & LAXATIVES,FIBER PRODUCTS & LAXATIVES
sennoside,Sennoside,FIBER PRODUCTS & LAXATIVES,FIBER PRODUCTS & LAXATIVES
sennosides,Sennoside,FIBER PRODUCTS & LAXATIVES,FIBER PRODUCTS & LAXATIVES
senokot,Senna,FIBER PRODUCTS & LAXATIVES,FIBER PRODUCTS & LAXATIVES
seven keto,Seven-Keto,BASIC VITAMINS & MINERALS,DHEA & PREGNENOLONE & HORMONES
seven-keto,Seven-Keto,BASIC VITAMINS & MINERALS,DHEA & PREGNENOLONE & HORMONES
shark cartilage,SharkCartilage,MISCELLANEOUS SUPPLEMENTS,MISCELLANEOUS SUPPLEMENTS
shatavari,Shatavari,HERBAL REMEDIES,SINGLES
shatawari,Shatavari,HERBAL REMEDIES,SINGLES
shepherd's purse,ShepherdsPurse,HERBAL REMEDIES,SINGLES
shepherds purse,ShepherdsPurse,HERBAL REMEDIES,SINGLES
shiitake,Shitake,HERBAL REMEDIES,SINGLES
shitake,Shitake,HERBAL REMEDIES,SINGLES
siberian ginseng,SiberianGinseng,HERBAL REMEDIES,SINGLES
silver hydrosol,CollodialSilver,BASIC VITAMINS & MINERALS,MINERALS
skullcap,Skullcap,HERBAL REMEDIES,SINGLES
slimaluma,caralluma,WEIGHT MANAGEMENT FORMULAS,WEIGHT MANAGEMENT FORMULAS
slippery elm,SlipperyElmBark,HERBAL REMEDIES,SINGLES
slippery elm bark,SlipperyElmBark,HERBAL REMEDIES,SINGLES
sod-gliadins,SuperOxideDismutase,MISCELLANEOUS SUPPLEMENTS,MISCELLANEOUS SUPPLEMENTS
sodium chloride,Saline,OTC,OTC
south african geranium,Pelargonium,HERBAL/HOMEOPATHIC COLD & FLU,HERBAL SINGLES COLD & FLU
soy foods,SoyFoods,PROTEIN SUPPLEMENTS & MEAL REPLACEMENTS,PROTEIN & MEAL REPLACEMENT LIQUID
soy protein,SoyFoods,PROTEIN SUPPLEMENTS & MEAL REPLACEMENTS,PROTEIN & MEAL REPLACEMENT LIQUID
soylent,SoyFoods,PROTEIN SUPPLEMENTS & MEAL REPLACEMENTS,PROTEIN & MEAL REPLACEMENT LIQUID
spearmint,PepperSpearMint,HERBAL REMEDIES,SINGLES
specialty remedies (homeo),SpecialtyRemediesHomeo,OTC,OTC
spirulina,Spirulina,HERBAL REMEDIES,FOOD SUPPLEMENTS
spirulina blue green algae,Spirulina,HERBAL REMEDIES,FOOD SUPPLEMENTS
squaw vine,SquawVine,HERBAL REMEDIES,SINGLES
squawvine,SquawVine,HERBAL REMEDIES,SINGLES
st john's,StJohnsWort,HERBAL REMEDIES,SINGLES
st john's wort,StJohnsWort,HERBAL REMEDIES,SINGLES
st johns,StJohnsWort,HERBAL REMEDIES,SINGLES
st johns wort,StJohnsWort,HERBAL REMEDIES,SINGLES
st. john's,StJohnsWort,HERBAL REMEDIES,SINGLES
st. john's wort,StJohnsWort,HERBAL REMEDIES,SINGLES
st. johns,StJohnsWort,HERBAL REMEDIES,SINGLES
st. johns wort,StJohnsWort,HERBAL REMEDIES,SINGLES
st. johnswort,StJohnsWort,HERBAL REMEDIES,SINGLES
st. john’s wort,StJohnsWort,HERBAL REMEDIES,SINGLES
st. johnã¢â‚¬â„¢s wort,StJohnsWort,HERBAL REMEDIES,SINGLES
stellaria media,Chickweed,HERBAL REMEDIES,SINGLES
stevia,Stevia,HERBAL REMEDIES,SINGLES
strontium,Strontium,BASIC VITAMINS & MINERALS,MINERALS
subcategory not coded,,OTC,OTC
sudafed,Pseudoephedrine,OTC,OTC
sulphurophane,Broccoli,HERBAL REMEDIES,FOOD SUPPLEMENTS
suma,Suma,HERBAL REMEDIES,SINGLES
sunflower oil,VegSuppOils,OIL CATEGORY,ALL OTHER OIL
super oxide dismutase,SuperOxideDismutase,MISCELLANEOUS SUPPLEMENTS,MISCELLANEOUS SUPPLEMENTS
super oxide dismutase (sod),SuperOxideDismutase,MISCELLANEOUS SUPPLEMENTS,MISCELLANEOUS SUPPLEMENTS
superfood,WholeFoodConcentrate,HERBAL REMEDIES,FOOD SUPPLEMENTS
superfoods,WholeFoodConcentrate,HERBAL REMEDIES,FOOD SUPPLEMENTS
superoxide dismutase,SuperOxideDismutase,MISCELLANEOUS SUPPLEMENTS,MISCELLANEOUS SUPPLEMENTS
supplemental carb source,SupplementalCarbSource,PERFORMANCE NUTRITION,PERFORMANCE NUTRITION
sweet annie,SweetAnnie,HERBAL REMEDIES,SINGLES
taurine,Taurine,AMINO ACIDS,AMINO ACIDS
tea tree,TeaTreeOil,HOMEOPATHIC,HOMEOPATHIC
tea tree oil,TeaTreeOil,HOMEOPATHIC,HOMEOPATHIC
theanine,Theanine,AMINO ACIDS,AMINO ACIDS
thiamin,VitaminB1,BASIC VITAMINS & MINERALS,LETTER VITAMINS
thuja,Thuja,HERBAL REMEDIES,SINGLES
thyme,Thyme,HERBAL REMEDIES,SINGLES
thymuplex,ThymusExtract,MISCELLANEOUS SUPPLEMENTS,MISCELLANEOUS SUPPLEMENTS
thymus,ThymusExtract,MISCELLANEOUS SUPPLEMENTS,MISCELLANEOUS SUPPLEMENTS
thymus extract,ThymusExtract,MISCELLANEOUS SUPPLEMENTS,MISCELLANEOUS SUPPLEMENTS
thyroid extract,ThyroidExtract,MISCELLANEOUS SUPPLEMENTS,MISCELLANEOUS SUPPLEMENTS
tmg,Trimethylglycine,BASIC VITAMINS & MINERALS,LETTER VITAMINS
tmg (trimethylglycine),Trimethylglycine,BASIC VITAMINS & MINERALS,LETTER VITAMINS
tocotrienol complex,TocotrienolComplex,BASIC VITAMINS & MINERALS,LETTER VITAMINS
tocotrienols,TocotrienolComplex,BASIC VITAMINS & MINERALS,LETTER VITAMINS
trace mineral,TraceMinerals,BASIC VITAMINS & MINERALS,MINERALS
trace minerals,TraceMinerals,BASIC VITAMINS & MINERALS,MINERALS
tracheal cartilage,BovineCartilage,MISCELLANEOUS SUPPLEMENTS,MISCELLANEOUS SUPPLEMENTS
tribulus,Tribulus,HERBAL REMEDIES,SINGLES
trimethylglycine,Trimethylglycine,BASIC VITAMINS & MINERALS,LETTER VITAMINS
triphala,Triphala,HERBAL REMEDIES,SINGLES
truzma,Zma,PERFORMANCE NUTRITION,PERFORMANCE NUTRITION
tumeric,Turmeric,HERBAL REMEDIES,SINGLES
turmeric,Turmeric,HERBAL REMEDIES,SINGLES
tylophora,Tylophora,MISCELLANEOUS SUPPLEMENTS,MISCELLANEOUS SUPPLEMENTS
tyrosine,Tyrosine,MISCELLANEOUS SUPPLEMENTS,MISCELLANEOUS SUPPLEMENTS
ubiquinol,Ubiquinol,COENZYME Q10,COENZYME Q10
umcka,Pelargonium,HERBAL/HOMEOPATHIC COLD & FLU,HERBAL SINGLES COLD & FLU
umcka loabo,Pelargonium,HERBAL/HOMEOPATHIC COLD & FLU,HERBAL SINGLES COLD & FLU
umckaloabo,Pelargonium,HERBAL/HOMEOPATHIC COLD & FLU,HERBAL SINGLES COLD & FLU
una de gato,CatsClaw,HERBAL/HOMEOPATHIC COLD & FLU,HERBAL SINGLES COLD & FLU
unknown,,OTC,OTC
usnea,Usnea,HERBAL REMEDIES,SINGLES
uva ursi,UvaUrsi,HERBAL REMEDIES,SINGLES
vaccinium macrocarpon,Cranberry,HERBAL REMEDIES,FOOD SUPPLEMENTS
valarian,Valerian,HERBAL REMEDIES,SINGLES
valerian,Valerian,HERBAL REMEDIES,SINGLES
vanadyl complex,VandylSulfate,BASIC VITAMINS & MINERALS,MINERALS
vanadyl sulfate,VandylSulfate,BASIC VITAMINS & MINERALS,MINERALS
vanadyl sulfate-20,VandylSulfate,BASIC VITAMINS & MINERALS,MINERALS
veggie whole foods,WholeFoodConcentrate,HERBAL REMEDIES,FOOD SUPPLEMENTS
vervain,Vervain,HERBAL REMEDIES,SINGLES
vinpocetine,Vinpocetine,HERBAL REMEDIES,SINGLES
vitamin a,VitaminA,BASIC VITAMINS & MINERALS,LETTER VITAMINS
vitamin a & d combo,,BASIC VITAMINS & MINERALS,LETTER VITAMINS
vitamin a - d - k,VitaminADK,BASIC VITAMINS & MINERALS,LETTER VITAMINS
vitamin b 9,Folic Acid,BASIC VITAMINS & MINERALS,LETTER VITAMINS
vitamin b complex,VitaminBcomplex,BASIC VITAMINS & MINERALS,LETTER VITAMINS
vitamin b1 - b2 - b6 - b12,,BASIC VITAMINS & MINERALS,LETTER VITAMINS
vitamin b9,Folic Acid,BASIC VITAMINS & MINERALS,LETTER VITAMINS
vitex,Vitex,HERBAL REMEDIES,SINGLES
vitex (chaste tree berry),Vitex,HERBAL REMEDIES,SINGLES
vitex+,Vitex,HERBAL REMEDIES,SINGLES
wheat germ oil,WheatGermOil,OIL CATEGORY,ALL OTHER OIL
wheat grass,WheatBarleyGrass,HERBAL REMEDIES,FOOD SUPPLEMENTS
wheatgrass,WheatBarleyGrass,HERBAL REMEDIES,FOOD SUPPLEMENTS
white kidney bean,WhiteKidneyBean,WEIGHT MANAGEMENT FORMULAS,WEIGHT MANAGEMENT FORMULAS
white tea,WhiteTea,HERBAL REMEDIES,FORMULAS
white willow,WillowBark,HERBAL REMEDIES,SINGLES
whole adrenal,AdrenalGlandular,MISCELLANEOUS SUPPLEMENTS,MISCELLANEOUS SUPPLEMENTS
whole food concentrate,WholeFoodConcentrate,HERBAL REMEDIES,FOOD SUPPLEMENTS
whole food concentrates,WholeFoodConcentrate,HERBAL REMEDIES,FOOD SUPPLEMENTS
wild cherry bark,WildCherryBark,HERBAL/HOMEOPATHIC COLD & FLU,HERBAL FORMULAS COLD & FLU
wild geranium,Cranesbill,HERBAL REMEDIES,SINGLES
wild indigo,WildIndigo,HERBAL REMEDIES,SINGLES
wild indigo (baptisia),WildIndigo,HERBAL REMEDIES,SINGLES
wild yam,WildYam,HERBAL REMEDIES,SINGLES
willow bark,WillowBark,HERBAL REMEDIES,SINGLES
witch hazel,WitchHazel,HERBAL REMEDIES,SINGLES
wormwood,Wormwood,HERBAL REMEDIES,SINGLES
yan hu suo,Corydalis,HERBAL REMEDIES,SINGLES
yanhusuo,Corydalis,HERBAL REMEDIES,SINGLES
yarrow,Yarrow,HERBAL REMEDIES,SINGLES
yeast - brewers,YeastBrewers,HERBAL REMEDIES,FOOD SUPPLEMENTS
yeast flakes,Yeast,HERBAL REMEDIES,FOOD SUPPLEMENTS
yeast-cleanse,Yeast,HERBAL REMEDIES,FOOD SUPPLEMENTS
yellow dock,YellowDock,HERBAL REMEDIES,SINGLES
yellowdock,YellowDock,HERBAL REMEDIES,SINGLES
yerba mate,YerbaMate,HERBAL REMEDIES,SINGLES
yohimbe,Yohimbe,HERBAL REMEDIES,FORMULAS
yucca,Yucca,HERBAL REMEDIES,SINGLES
z matrix,Zma,PERFORMANCE NUTRITION,PERFORMANCE NUTRITION
zinc,Zinc,BASIC VITAMINS & MINERALS,MINERALS
zma,Zma,PERFORMANCE NUTRITION,PERFORMANCE NUTRITION
zma 5,Zma,PERFORMANCE NUTRITION,PERFORMANCE NUTRITION
zma 6,Zma,PERFORMANCE NUTRITION,PERFORMANCE NUTRITION
zma supplements,Zma,PERFORMANCE NUTRITION,PERFORMANCE NUTRITION
zmag t,Zma,PERFORMANCE NUTRITION,PERFORMANCE NUTRITION
